<?xml version="1.0" encoding="utf-8"?>
<install type="module" version="2.0">
    <name>Social Login</name>
    <license>Open Source License, GPL v2 based</license>
    <author>OneAll LLC</author>
    <authorEmail>support@oneall.com</authorEmail>
    <authorUrl>http://www.oneall.com</authorUrl>
    <creationDate>2011-11-16</creationDate>
    <copyright>OneAll LLC</copyright>
    <version>2.0</version>
    <description>
        <![CDATA[Module for the Social Login Component <br />
The module displays the social network buttons.<br /><br />
Visit us at <a target="_blank" href="http://www.oneall.com">http://www.oneall.com/</a><br />
Contact our support at: <a target="_blank" href="http://www.oneall.com/company/contact-us/">http://www.oneall.com/company/contact-us/</a>
]]></description>
    <files>
        <file module="mod_sociallogin">mod_sociallogin.php</file>
        <folder>classes</folder>
        <folder>tmpl</folder>       
    </files>
    <config>
        <fields name="params">
            <fieldset name="advanced">
                <field  name="moduleclass_sfx" type="text" label="COM_MODULES_FIELD_MODULECLASS_SFX_LABEL" description="COM_MODULES_FIELD_MODULECLASS_SFX_DESC" />              
            </fieldset>
        </fields>
    </config>
</install>
