<?xml version="1.0" encoding="utf-8"?>
<install type="plugin" version="1.7" group="system">
	<name>System - Social Login</name>
	<license>Open Source License, GPL v2 based</license>
	<author>OneAll LLC</author>
	<authorEmail>support@oneall.com</authorEmail>
	<authorUrl>http://www.oneall.com</authorUrl>
	<creationDate>2011-11-16</creationDate>
	<copyright>2011 - 2012, OneAll LLC</copyright>
	<version>P1</version>
	<description>
		<![CDATA[Plugin for the Social Login Component <br />
The plugin handles the authentication process through a social network account.<br /><br />
Visit us: <a target="_blank" href="http://www.oneall.com">OneAll Social Media Integration</a><br />
Get Support: <a target="_blank" href="http://www.oneall.com/company/contact-us/">http://www.oneall.com/company/contact-us/</a>
]]></description>
	<files>
		<file plugin="sociallogin">sociallogin.php</file>
		<file>index.html</file>
		<file>sociallogin_helper.php</file>	
	</files>
</install>
