<?xml version="1.0" encoding="utf-8"?>
<extension type="component" version="3" method="upgrade">
	<name>OneAll Social Login</name>
	<license>Open Source License, GPL v2 based</license>
	<author>OneAll LLC</author>
	<authorEmail>support@oneall.com</authorEmail>
	<authorUrl>http://www.oneall.com</authorUrl>
	<creationDate>2014-10-29</creationDate>
	<copyright>2011 - Today, OneAll LLC</copyright>
	<version>5.3.0</version>
	<description>
		<![CDATA[Social Login allows your users to register and login with 35+ social networks like for example Twitter, Facebook, Paypal, LinkedIn, LiveJournal, OpenID, VKontakte, Google and Yahoo amongst others.]]>
	</description>

	<!-- SQL query files to execute on installation -->	
	<install>
		<sql>
			<file driver="mysql" charset="utf8">install/install.mysql.utf8.sql</file>
		</sql>
	</install>
	
	<!-- SQL query files to execute on uninstallation -->
	<uninstall>
		<sql>
			<file driver="mysql" charset="utf8">install/uninstall.mysql.utf8.sql</file>
		</sql>
	</uninstall>
	<scriptfile>install/script.oneallsociallogin.php</scriptfile>
		
	<!-- Component -->
	<files folder="com_oneallsociallogin">				
		<file>index.html</file>
		<file>oneallsociallogin.php</file>		
	</files>
	
	<!-- Administration -->
	<administration>
		<menu>COM_ONEALLSOCIALLOGIN</menu>
		<files folder="admin">
			<folder>assets</folder>
			<folder>install</folder>
			<folder>models</folder>
			<folder>views</folder>
			<file>index.html</file>
			<file>controller.php</file>
			<file>oneallsociallogin.php</file>
		</files>
		<languages folder="admin/language">
			<language tag="en-GB">en-GB.com_oneallsociallogin.sys.ini</language>
		</languages>
	</administration>	
	
	<!-- Modules -->
	<modules>
		<module module="mod_oneallsociallogin" title="OneAll Social Login" position="position-7" order="8" client="site" language="*" showtitle="0">
			<files folder="mod_oneallsociallogin">
				<folder>classes</folder>
				<folder>tmpl</folder>
				<file>index.html</file>
				<file>mod_oneallsociallogin.php</file>
				<file>mod_oneallsociallogin.xml</file>
			</files>
		</module>
	</modules>	
	
	<!-- Plugins -->
	<plugins>
		<plugin plugin="oneallsociallogin" title="OneAll Social Login" order="-100" group="system">
			<files folder="plg_oneallsociallogin">
				<file>index.html</file>
				<file>helper.php</file>
				<file>oneallsociallogin.php</file>
				<file>oneallsociallogin.xml</file>				
			</files>
		</plugin>
	</plugins>	
</extension>